Product ID,Name,Unit Price,Stock Quantity,Description
AUTO001,Starter Motor,243.69,50,High-quality Starter Motor designed for durability and performance.
AUTO002,Tailgate Handle,918.04,14,High-quality Tailgate Handle designed for durability and performance.
AUTO003,Roll Cage,807.14,89,High-quality Roll Cage designed for durability and performance.
AUTO004,Big Brake Kit,195.9,9,High-quality Big Brake Kit designed for durability and performance.
AUTO005,Brake Pads,69.76,17,High-quality Brake Pads designed for durability and performance.
AUTO006,All-Terrain Tires,171.2,33,High-quality All-Terrain Tires designed for durability and performance.
AUTO007,PCV Valve,608.62,16,High-quality PCV Valve designed for durability and performance.
AUTO008,Oil Filter,439.42,66,High-quality Oil Filter designed for durability and performance.
AUTO009,Side Mirror,81.77,40,High-quality Side Mirror designed for durability and performance.
AUTO010,Underbody Lights,690.48,28,High-quality Underbody Lights designed for durability and performance.
AUTO011,Sway Bar Link,772.26,39,High-quality Sway Bar Link designed for durability and performance.
AUTO012,Power Steering Pump,740.41,5,High-quality Power Steering Pump designed for durability and performance.
AUTO013,Tow Hook,754.61,65,High-quality Tow Hook designed for durability and performance.
AUTO014,Shock Absorbers,121.87,98,High-quality Shock Absorbers designed for durability and performance.
AUTO015,Window Regulator,49.3,17,High-quality Window Regulator designed for durability and performance.
AUTO016,Custom Wheels,725.34,63,High-quality Custom Wheels designed for durability and performance.
AUTO017,Trunk Lock,872.87,80,High-quality Trunk Lock designed for durability and performance.
AUTO018,Clutch Kit,192.32,18,High-quality Clutch Kit designed for durability and performance.
AUTO019,Oil Filter,898.53,73,High-quality Oil Filter designed for durability and performance.
AUTO020,Intercooler,208.63,56,High-quality Intercooler designed for durability and performance.
AUTO021,Nerf Bars,871.31,82,High-quality Nerf Bars designed for durability and performance.
AUTO022,Radar Detector,883.02,50,High-quality Radar Detector designed for durability and performance.
AUTO023,LED Light Bar,570.79,1,High-quality LED Light Bar designed for durability and performance.
AUTO024,Trunk Lock,129.33,100,High-quality Trunk Lock designed for durability and performance.
AUTO025,Seat Covers,212.9,50,High-quality Seat Covers designed for durability and performance.
AUTO026,Tailgate Handle,657.6,97,High-quality Tailgate Handle designed for durability and performance.
AUTO027,Control Arm,892.28,39,High-quality Control Arm designed for durability and performance.
AUTO028,Engine Oil,43.02,74,High-quality Engine Oil designed for durability and performance.
AUTO029,Transmission Fluid,821.43,54,High-quality Transmission Fluid designed for durability and performance.
AUTO030,Engine Mount,595.66,49,High-quality Engine Mount designed for durability and performance.
AUTO031,Grille,452.19,4,High-quality Grille designed for durability and performance.
AUTO032,Performance Chip,396.48,25,High-quality Performance Chip designed for durability and performance.
AUTO033,GPS Navigation,584.1,1,High-quality GPS Navigation designed for durability and performance.
AUTO034,Engine Oil,420.31,67,High-quality Engine Oil designed for durability and performance.
AUTO035,Strut Tower Brace,359.47,70,High-quality Strut Tower Brace designed for durability and performance.
AUTO036,Performance Clutch,238.14,80,High-quality Performance Clutch designed for durability and performance.
AUTO037,Control Arm,236.65,75,High-quality Control Arm designed for durability and performance.
AUTO038,HID Headlights,740.79,74,High-quality HID Headlights designed for durability and performance.
AUTO039,Tailgate Handle,847.85,1,High-quality Tailgate Handle designed for durability and performance.
AUTO040,Harness Bar,175.46,8,High-quality Harness Bar designed for durability and performance.
AUTO041,Turbocharger,752.81,3,High-quality Turbocharger designed for durability and performance.
AUTO042,Floor Mats,309.67,59,High-quality Floor Mats designed for durability and performance.
AUTO043,Fuel Pump,671.96,52,High-quality Fuel Pump designed for durability and performance.
AUTO044,Harness Bar,135.43,72,High-quality Harness Bar designed for durability and performance.
AUTO045,Performance Chip,333.57,5,High-quality Performance Chip designed for durability and performance.
AUTO046,Spark Plug,920.7,12,High-quality Spark Plug designed for durability and performance.
AUTO047,Timing Belt,493.23,10,High-quality Timing Belt designed for durability and performance.
AUTO048,Alternator,507.8,92,High-quality Alternator designed for durability and performance.
AUTO049,Hood Latch,727.94,60,High-quality Hood Latch designed for durability and performance.
AUTO050,Trunk Lock,382.14,65,High-quality Trunk Lock designed for durability and performance.
AUTO051,Spark Plug,576.56,41,High-quality Spark Plug designed for durability and performance.
AUTO052,Big Brake Kit,858.79,6,High-quality Big Brake Kit designed for durability and performance.
AUTO053,Big Brake Kit,961.92,93,High-quality Big Brake Kit designed for durability and performance.
AUTO054,All-Terrain Tires,486.59,66,High-quality All-Terrain Tires designed for durability and performance.
AUTO055,Clutch Kit,466.61,57,High-quality Clutch Kit designed for durability and performance.
AUTO056,Spark Plug,980.27,59,High-quality Spark Plug designed for durability and performance.
AUTO057,Crankshaft Sensor,441.68,67,High-quality Crankshaft Sensor designed for durability and performance.
AUTO058,Mass Air Flow Sensor,421.27,64,High-quality Mass Air Flow Sensor designed for durability and performance.
AUTO059,Floor Mats,233.13,91,High-quality Floor Mats designed for durability and performance.
AUTO060,Supercharger,985.3,2,High-quality Supercharger designed for durability and performance.
AUTO061,Seat Covers,790.72,31,High-quality Seat Covers designed for durability and performance.
AUTO062,Radar Detector,83.38,30,High-quality Radar Detector designed for durability and performance.
AUTO063,Brake Fluid,229.22,83,High-quality Brake Fluid designed for durability and performance.
AUTO064,Car Battery,803.94,56,High-quality Car Battery designed for durability and performance.
AUTO065,Brake Rotors,931.93,74,High-quality Brake Rotors designed for durability and performance.
AUTO066,Bumper Cover,67.4,89,High-quality Bumper Cover designed for durability and performance.
AUTO067,CV Axle,455.96,84,High-quality CV Axle designed for durability and performance.
AUTO068,Taillights,270.47,27,High-quality Taillights designed for durability and performance.
AUTO069,Strut Tower Brace,928.16,70,High-quality Strut Tower Brace designed for durability and performance.
AUTO070,Floor Mats,935.07,84,High-quality Floor Mats designed for durability and performance.
AUTO071,Coolant,767.91,72,High-quality Coolant designed for durability and performance.
AUTO072,Hood Latch,477.67,27,High-quality Hood Latch designed for durability and performance.
AUTO073,Catalytic Converter,687.03,28,High-quality Catalytic Converter designed for durability and performance.
AUTO074,Performance Chip,727.17,40,High-quality Performance Chip designed for durability and performance.
AUTO075,Oil Filter,799.65,42,High-quality Oil Filter designed for durability and performance.
AUTO076,Winch,856.94,80,High-quality Winch designed for durability and performance.
AUTO077,Winch,105.14,43,High-quality Winch designed for durability and performance.
AUTO078,Winch,102.26,14,High-quality Winch designed for durability and performance.
AUTO079,Fuel Injectors,112.64,56,High-quality Fuel Injectors designed for durability and performance.
AUTO080,Floor Mats,505.27,91,High-quality Floor Mats designed for durability and performance.
AUTO081,Coolant,40.9,39,High-quality Coolant designed for durability and performance.
AUTO082,Water Pump,932.51,74,High-quality Water Pump designed for durability and performance.
AUTO083,Seat Covers,342.35,44,High-quality Seat Covers designed for durability and performance.
AUTO084,Alternator,347.5,73,High-quality Alternator designed for durability and performance.
AUTO085,Alternator,971.8,76,High-quality Alternator designed for durability and performance.
AUTO086,Fuel Tank,903.02,32,High-quality Fuel Tank designed for durability and performance.
AUTO087,Head Gasket,956.83,11,High-quality Head Gasket designed for durability and performance.
AUTO088,LED Light Bar,260.14,6,High-quality LED Light Bar designed for durability and performance.
AUTO089,Water Pump,514.64,90,High-quality Water Pump designed for durability and performance.
AUTO090,CV Axle,856.0,89,High-quality CV Axle designed for durability and performance.
AUTO091,Camshaft Sensor,524.24,59,High-quality Camshaft Sensor designed for durability and performance.
AUTO092,Serpentine Belt,387.48,92,High-quality Serpentine Belt designed for durability and performance.
AUTO093,Catalytic Converter,18.93,44,High-quality Catalytic Converter designed for durability and performance.
AUTO094,Short Shifter,244.95,59,High-quality Short Shifter designed for durability and performance.
AUTO095,Cargo Liner,723.51,90,High-quality Cargo Liner designed for durability and performance.
AUTO096,Thermostat,798.86,38,High-quality Thermostat designed for durability and performance.
AUTO097,Backup Camera,933.87,60,High-quality Backup Camera designed for durability and performance.
AUTO098,Throttle Body,129.9,23,High-quality Throttle Body designed for durability and performance.
AUTO099,Window Regulator,683.03,14,High-quality Window Regulator designed for durability and performance.
AUTO100,Fuel Pump,974.88,13,High-quality Fuel Pump designed for durability and performance.
